/*Create auxiliary tables*/
CREATE TABLE work.dlc(
dlc_entity_id char(8),
factset_entity_id char(8),
dlc_name char(32)
);

INSERT INTO work.dlc (dlc_entity_id, factset_entity_id,dlc_name) VALUES
('000VLZ-E','05K2VT-E','Rio Tinto Plc'),
('05HF13-E','0010VG-E','BHP Billiton Plc'),
('002118-E','05HWCR-E','Reed Elsevier Plc'),
('002BV8-E','05DZG8-E','Unilever Plc'),
('003L8C-E','05K3JK-E','Brambles Industries Plc'),
('0B0D2Q-E','066L2H-E','Royal Dutch Shell Plc'),
('05DZH3-E','066L2H-E','Royal Dutch Shell Plc'),
('05DZFJ-E','066L2H-E','Royal Dutch Shell Plc'),
('00C390-E','003GTW-E','Carnival Corp.');


CREATE TABLE work.inst_type
(entity_sub_type char(2),
 entity_description char(32),
 cat_institution numeric,
 cat_institution_desc char(20),
 is_active numeric);

INSERT INTO work.inst_type (entity_sub_type, entity_description, cat_institution, cat_institution_desc, is_active) VALUES
('MM','Market Maker',1,'Broker',1),
('BM','Bank Management Division',1,'Broker',1),
('IB','Investment Banking',1,'Broker',1),
('ST','Stock borrowing/lending',1,'Broker',1),
('BR','Broker',1,'Broker',1),
('CP','Corporate',2,'Private Banking',0),
('CU','Custodial',2,'Private Banking',1),
('VC','Venture capital/Pvt equity',2,'Private Banking',1),
('PB','Private Banking Portfolio',2,'Private Banking',1),
('FY','Family Office',2,'Private Banking',1),
('FH','Fund of Hedge Funds Manager',3,'Hedge Fund',1),
('FF','Fund of Funds Manager',3,'Hedge Fund',1),
('FU','Fund',3,'Hedge Fund',1),
('AR','Arbitrage',3,'Hedge Fund',1),
('HF','Hedge Fund Company',3,'Hedge Fund',1),
('FS','Fund Distributor',3,'Hedge Fund',1),
('IA','Investment Advisor',4,'Investment Advisor',1),
('IC','Investment Company',4,'Investment Advisor',1),
('RE','Research Firm',4,'Investment Advisor',1),
('PP','Real estate manager',4,'Investment Advisor',1),
('SB','Subsidiary Branch',4,'Investment Advisor',1),
('MF','Mutual fund manager',4,'Investment Advisor',1),
('ML','Master Ltd part',4,'Investment Advisor',1),
('FO','Foundation/Endowment Manager',5,'Long-term',0),
('SV','Sovereign Wealth Manager',5,'Long-term',0),
('IN','Insurance company',5,'Long-term',0),
('PF','Pension funds',5,'Long-term',0),
('GV','Government/Fed/local/agency',6,'Government',0),
('','Others',7,'Other stakeholders',0);

CREATE TABLE work.ctry
(ctry char(32),
 iso char(2),
 iso3 char(3),
region char(32),
isem char(2));

insert into work.ctry VALUES
('ARGENTINA','AR','ARG','Latin America','EM'),
('AUSTRALIA','AU','AUS','Asia Pacific','DM'),
('AUSTRIA','AT','AUT','Europe','DM'),
('BELGIUM','BE','BEL','Europe','DM'),
('BRAZIL','BR','BRA','Latin America','EM'),
('CANADA','CA','CAN','North America','DM'),
('CHILE','CL','CHL','Latin America','EM'),
('CHINA','CN','CHN','Asia Pacific','EM'),
('COLOMBIA','CO','COL','Latin America','EM'),
('CZECHIA','CZ','CZE','Europe','EM'),
('DENMARK','DK','DNK','Europe','DM'),
('EGYPT','EG','EGY','Middle East','EM'),
('FINLAND','FI','FIN','Europe','DM'),
('FRANCE','FR','FRA','Europe','DM'),
('GERMANY','DE','DEU','Europe','DM'),
('GREECE','GR','GRC','Europe','EM'),
('HONG KONG','HK','HKG','Asia Pacific','DM'),
('HUNGARY','HU','HUN','Europe','EM'),
('INDIA','IN','IND','Asia Pacific','EM'),
('INDONESIA','ID','IDN','Asia Pacific','EM'),
('IRELAND','IE','IRL','Europe','DM'),
('ISRAEL','IL','ISR','Middle East','DM'),
('ITALY','IT','ITA','Europe','DM'),
('JAPAN','JP','JPN','Asia Pacific','DM'),
('KUWAIT','KW','KWT','Middle East','EM'),
('LUXEMBOURG','LU','LUX','Europe','DM'),
('MALAYSIA','MY','MYS','Asia Pacific','EM'),
('MEXICO','MX','MEX','Latin America','EM'),
('MOROCCO','MA','MAR','Africa','FM'),
('NETHERLANDS','NL','NLD','Europe','DM'),
('NEW ZEALAND','NZ','NZL','Asia Pacific','DM'),
('NORWAY','NO','NOR','Europe','DM'),
('PAKISTAN','PK','PAK','Asia Pacific','EM'),
('PERU','PE','PER','Latin America','FM'),
('PHILIPPINES','PH','PHL','Asia Pacific','EM'),
('POLAND','PL','POL','Europe','EM'),
('PORTUGAL','PT','PRT','Europe','DM'),
('QATAR','QA','QAT','Middle East','EM'),
('ROMANIA','RO','ROU','Europe','EM'),
('RUSSIA','RU','RUS','Europe','EM'),
('SAUDI ARABIA','SA','SAU','Middle East','EM'),
('SINGAPORE','SG','SGP','Asia Pacific','DM'),
('SOUTH AFRICA','ZA','ZAF','Africa','EM'),
('SOUTH KOREA','KR','KOR','Asia Pacific','EM'),
('SPAIN','ES','ESP','Europe','DM'),
('SWEDEN','SE','SWE','Europe','DM'),
('SWITZERLAND','CH','CHE','Europe','DM'),
('TAIWAN','TW','TWN','Asia Pacific','EM'),
('THAILAND','TH','THA','Asia Pacific','EM'),
('TURKIYE','TR','TUR','Europe','EM'),
('UNITED ARAB EMIRATES','AE','ARE','Middle East','EM'),
('UNITED KINGDOM','GB','GBR','Europe','DM'),
('USA','US','USA','North America','DM')
;

CREATE TABLE common_law
(ctry char(32),
 iso char(2),
 common_law numeric);

INSERT INTO common_law VALUES
('AUSTRALIA','AU',1),
('CANADA','CA',1),
('HONG KONG','HK',1),
('INDIA','IN',1),
('IRELAND','IE',1),
('ISRAEL','IL',1),
('KENYA','KE',1),
('MALAYSIA','MY',1),
('NEW ZEALAND','NZ',1),
('NIGERIA','NG',1),
('PAKISTAN','PK',1),
('SINGAPORE','SG',1),
('SOUTH AFRICA','ZA',1),
('SRI LANKA','LK',1),
('THAILAND','TH',1),
('UNITED KINGDOM','GB',1),
('USA','US',1),
('ZIMBABWE','ZW',1);